OverallQual,GrLivArea,GarageCars,TotalBsmtSF,FullBath,YearBuilt,YearRemodAdd,1stFlrSF,TotRmsAbvGrd,Fireplaces,Price
7,1710,2,856,2,2003,2003,856,8,0,208500
6,1262,2,1262,2,1976,1976,1262,6,1,181500
7,1786,2,920,2,2001,2002,920,6,1,223500
7,1717,3,756,1,1915,1970,961,7,1,140000
8,2198,3,1145,2,2000,2000,1145,9,1,250000
5,1362,2,796,1,1993,1995,796,5,0,143000
8,1694,2,1686,2,2004,2005,1694,7,1,307000
7,2090,2,1107,2,1973,1973,1107,7,2,200000
7,1774,2,952,2,1931,1950,1022,8,2,129900
5,1077,1,991,1,1939,1950,1077,5,2,118000
5,1040,1,1040,1,1965,1965,1040,5,0,129500
9,2324,3,1175,3,2005,2006,1182,11,2,345000
5,912,1,912,1,1962,1962,912,4,0,144000
7,1494,3,1494,2,2006,2007,1494,7,1,279500
6,1253,1,1253,1,1960,1960,1253,5,1,157000
7,854,2,832,1,1929,2001,854,5,0,132000
6,1004,2,1004,1,1970,1970,1004,5,1,149000
4,1296,2,0,2,1967,1967,1296,6,0,90000
5,1114,2,1114,1,2004,2004,1114,6,0,159000
5,1339,1,1029,1,1958,1965,1339,6,0,139000
8,2376,3,1158,3,2005,2006,1158,9,1,325300
7,1108,1,637,1,1930,1950,1108,6,1,139400
8,1795,2,1777,2,2002,2002,1795,7,1,230000
5,1060,2,1040,1,1976,1976,1060,6,1,129900
5,1060,1,1060,1,1968,2001,1060,6,1,154000
8,1600,3,1566,2,2007,2007,1600,7,1,256300
5,900,2,900,1,1951,2000,900,5,0,134800
8,1704,3,1704,2,2007,2008,1704,7,1,306000
5,1600,1,1484,1,1957,1997,1600,6,2,207500
4,520,1,520,1,1927,1950,520,4,0,68500
4,1317,1,649,1,1920,1950,649,6,0,40000
5,1228,1,1228,1,1966,2006,1228,6,0,149350
8,1234,2,1234,2,2007,2007,1234,7,0,179900
5,1700,2,1398,1,1959,1959,1700,6,1,165500
9,1561,2,1561,2,2005,2005,1561,6,1,277500
8,2452,3,1117,3,2004,2005,1132,9,1,309000
5,1097,2,1097,1,1994,1995,1097,6,0,145000
5,1297,2,1297,1,1954,1990,1297,5,1,153000
5,1057,1,1057,1,1953,2007,1057,5,0,109000
4,1152,0,0,2,1955,1955,1152,6,0,82000
6,1324,2,1088,2,1965,1965,1324,6,1,160000
5,1328,1,1350,1,1959,1959,1328,5,2,170000
5,884,2,840,1,1983,1983,884,5,0,144000
5,938,1,938,1,1975,1980,938,5,0,130250
5,1150,1,1150,1,1959,1959,1150,6,0,141000
9,1752,2,1752,2,2005,2005,1752,6,1,319900
7,2149,2,1434,1,2003,2003,1518,6,1,239686
8,1656,3,1656,2,2006,2006,1656,7,0,249700
4,1452,0,736,2,1920,2008,736,8,0,113000
5,955,1,955,1,1966,1966,955,6,0,127000
6,1470,2,794,2,1997,1997,794,6,0,177000
6,1176,2,816,1,1934,1950,816,6,1,114500
5,816,2,816,1,1963,1963,816,5,0,110000
9,1842,3,1842,0,1981,1987,1842,5,1,385000
5,1360,2,384,1,1955,1955,1360,6,1,130000
6,1425,2,1425,2,1964,1964,1425,7,1,180500
8,1739,2,970,2,1999,2000,983,7,0,172500
7,1720,2,860,2,2004,2004,860,7,0,196500
10,2945,3,1410,3,2006,2006,1426,10,1,438780
5,780,1,780,1,1972,1972,780,4,0,124900
6,1158,2,1158,1,2004,2004,1158,5,0,158000
5,1111,1,530,1,1920,1996,581,6,0,101000
8,1370,2,1370,2,2006,2006,1370,6,1,202500
7,1710,2,576,2,1921,1950,902,9,0,140000
7,2034,2,1057,2,1997,1998,1057,8,0,219500
8,2473,3,1143,2,2004,2005,1143,9,1,317000
7,2207,2,1947,2,1970,1989,2207,7,1,180000
7,1479,2,1453,2,2003,2003,1479,7,0,226000
4,747,1,747,1,1945,1950,747,4,0,80000
7,2287,2,1304,2,1953,1953,1304,7,1,225000
7,2223,2,2223,2,1973,1973,2223,8,2,244000
4,845,2,845,1,1982,2006,845,4,0,129500
7,1718,2,832,2,1998,1998,885,7,1,185000
5,1086,2,1086,1,1954,2003,1086,6,0,144900
3,1605,1,840,2,1915,1950,840,8,0,107400
4,988,1,462,1,1973,1973,526,5,0,91000
4,952,1,952,1,1956,1956,952,4,0,135750
5,1285,1,672,1,1948,2001,1072,6,0,127000
4,1768,0,1768,2,1968,1968,1768,8,0,136500
5,1230,2,440,1,1910,1981,682,5,0,110000
6,2142,1,896,2,1968,1968,1182,8,1,193500
6,1337,2,1237,2,1998,1998,1337,5,0,153500
8,1563,3,1563,2,2007,2007,1563,6,1,245000
5,1065,2,1065,1,1960,1960,1065,6,0,126500
7,1474,2,384,2,1995,1996,804,7,1,168500
8,2417,2,1288,2,1991,1992,1301,9,1,260000
6,1560,2,684,2,2005,2005,684,6,1,174000
6,1224,2,612,2,2009,2009,612,4,0,164500
3,1526,0,1013,1,1915,1982,1013,6,0,85000
4,990,0,990,1,1994,1995,990,5,0,123600
4,1040,2,0,1,1950,1950,1040,4,0,109900
5,1235,2,1235,1,1961,1961,1235,6,0,98600
5,964,2,876,1,1921,2006,964,5,0,163500
6,2291,2,1214,2,1910,1998,1260,9,1,133900
6,1786,2,824,2,1997,1997,905,7,0,204750
6,1470,2,680,2,1993,1993,680,6,1,185000
7,1588,2,1588,2,1999,1999,1588,6,0,214000
4,960,1,960,1,1965,1965,960,6,0,94750
5,835,1,458,1,1920,1950,835,5,0,83000
4,1225,0,950,1,1959,1959,1225,6,0,128950
6,1610,2,1610,2,1977,2001,1610,6,2,205000
6,1732,2,741,2,1985,1985,977,7,1,178000
5,1535,2,0,2,1979,1979,1535,8,0,118964
7,1226,3,1226,2,2009,2009,1226,6,0,198900
7,1818,1,1040,1,1931,1950,1226,7,2,169500
8,1992,2,1053,2,2003,2004,1053,9,1,250000
4,1047,1,641,1,1885,1995,1047,6,0,100000
5,789,1,789,1,1948,1950,789,5,0,115000
5,1517,0,793,2,1919,2005,997,7,0,115000
6,1844,2,1844,2,1977,1977,1844,7,1,190000
6,1855,1,994,2,1954,1972,1216,7,0,136900
7,1430,2,384,2,2000,2000,774,7,1,180000
7,2696,3,1264,2,2007,2007,1282,10,1,383970
6,2259,2,1809,2,1953,1953,2259,7,2,217000
6,2320,1,1028,2,1945,2002,1436,9,1,259500
6,1458,2,729,2,1999,1999,729,5,1,176000
5,1092,1,1092,1,1962,1962,1092,6,1,139000
5,1125,2,1125,1,2006,2007,1125,5,0,155000
7,3222,3,1673,3,1990,1990,1699,11,2,320000
6,1456,2,728,2,2005,2006,728,8,1,163990
6,988,2,938,1,1969,1969,988,4,2,180000
4,1123,1,732,1,1939,1950,772,4,0,100000
6,1080,1,1080,1,1958,1958,1080,5,0,136000
6,1199,2,1199,2,1993,1993,1199,5,0,153900
6,1586,2,1362,2,1979,1998,1586,7,1,181000
6,754,0,520,1,1935,1982,520,5,0,84500
6,958,2,1078,2,1976,1976,958,5,1,128000
5,840,0,672,1,1930,1950,840,5,1,87000
6,1348,2,660,1,1966,1966,660,6,1,155000
5,1053,2,1008,1,1958,1991,1053,6,0,150000
7,2157,2,924,2,1966,1966,1216,8,2,226000
6,2054,2,992,2,2000,2000,1022,7,1,244000
5,1327,2,1063,1,1959,2002,1327,7,0,150750
8,1296,2,1267,2,2001,2002,1296,6,0,220000
5,1721,2,1461,2,1968,1993,1721,7,1,180000
7,1682,2,1304,2,1970,1970,1682,7,1,174000
5,1214,1,1214,2,1967,1967,1214,5,1,143000
7,1959,3,1907,3,1988,1989,1959,9,0,171000
8,1852,3,1004,2,1999,2000,1004,7,2,230000
6,1764,2,928,2,1997,1997,928,7,0,231500
4,864,0,864,1,1971,1971,864,5,1,115000
7,1734,2,1734,2,2005,2005,1734,7,0,260000
5,1385,2,910,2,1952,1952,910,6,0,166000
7,1501,2,1490,2,1999,1999,1501,6,0,204000
5,1728,2,1728,2,1963,1963,1728,10,0,125000
6,1709,2,970,2,2004,2006,970,7,0,130000
5,875,1,715,1,1931,1993,875,5,0,105000
7,2035,2,884,2,2001,2001,884,8,1,222500
7,1080,0,1080,1,2004,2005,1080,6,0,141000
5,1344,1,896,1,1936,1950,896,7,0,115000
5,969,2,969,1,1975,1975,969,5,0,122000
8,1710,3,1710,2,2007,2008,1710,6,1,372402
6,1993,2,825,2,1971,1971,1097,8,1,190000
6,1252,2,1602,1,1960,1975,1252,4,1,235000
6,1200,1,1200,1,1923,1950,1200,7,0,125000
6,1096,0,572,1,1924,1950,572,5,0,79000
5,1040,2,0,1,1950,1950,1040,5,0,109500
8,1968,3,774,2,2009,2010,774,8,1,269500
7,1947,2,991,2,2004,2005,991,8,1,254900
7,2462,2,1392,2,2005,2006,1392,9,1,320000
6,1232,2,1232,2,1984,1984,1232,6,0,162500
9,2668,3,1572,2,2003,2004,1572,10,2,412500
7,1541,2,1541,2,2005,2005,1541,7,1,220000
4,882,0,882,1,1956,1956,882,4,0,103200
6,1616,1,1149,2,1926,2004,1149,5,0,152000
5,1355,0,644,2,1940,1999,808,6,0,127500
5,1867,1,1617,1,1955,1993,1867,7,3,190000
8,2161,3,1582,1,2007,2007,1610,8,1,325624
7,1720,2,840,2,2004,2004,840,7,1,183500
8,1707,2,1686,2,1981,1981,1707,6,1,228000
5,1382,2,720,1,1941,1950,854,7,0,128500
6,1656,2,1080,1,1960,1960,1656,7,2,215000
7,1767,2,1064,2,1987,1987,1064,5,1,239000
6,1362,2,1362,1,1961,1961,1362,6,1,163000
6,1651,2,1606,2,1986,1986,1651,7,1,184000
6,2158,2,1202,2,1950,2001,2158,7,1,243000
6,2060,2,1151,2,1988,1989,1164,8,1,211000
5,1920,2,1052,2,1958,1958,1252,8,1,172500
9,2234,3,2216,2,2008,2009,2234,9,1,501837
5,968,2,968,1,1923,2006,968,5,0,100000
6,1525,2,756,2,2000,2000,769,5,1,177000
7,1802,1,793,1,1920,1950,901,9,1,200100
5,1340,1,0,1,1957,2006,1340,7,1,120000
7,2082,2,1362,2,2003,2003,1362,6,0,200000
5,1252,2,504,1,1908,1991,936,5,0,127000
10,3608,3,1107,2,1892,1993,1518,12,2,475000
7,1217,2,1188,2,1990,1991,1217,6,0,173000
5,1656,1,660,2,1916,1987,808,8,0,135000
5,1224,2,1086,0,1979,1979,1224,6,2,153337
8,1593,2,1593,1,2001,2002,1593,5,1,286000
8,2727,2,853,2,1932,1994,1549,10,2,315000
7,1479,2,725,1,1972,2004,725,7,0,184000
7,1431,2,1431,2,1999,1999,1431,6,0,192000
7,1709,2,970,2,2004,2004,970,7,0,130000
5,864,1,864,1,1972,1972,864,5,0,127000
6,1456,2,855,2,1976,1976,855,7,1,148500
7,1726,3,1726,2,2007,2007,1726,8,1,311872
8,3112,2,1360,2,1918,1990,1360,8,1,235000
6,2229,0,755,1,1912,1950,929,8,0,104000
8,1713,3,1713,2,2004,2005,1713,7,1,274900
4,1121,2,1121,2,2003,2004,1121,5,0,140000
6,1279,2,1196,2,1977,1977,1279,6,2,171500
6,1310,1,617,2,1924,1950,865,6,0,112000
6,848,2,848,1,2004,2004,848,3,1,149000
5,1284,1,720,1,1947,1950,720,5,0,110000
7,1442,2,1424,2,1990,1990,1442,5,0,180500
5,1696,1,1140,1,1962,1962,1696,8,1,143900
4,1100,1,1100,1,1960,1960,1100,6,1,141000
7,2062,2,1157,2,1988,1989,1180,7,1,277000
6,1092,2,1092,1,1964,1964,1092,6,0,145000
5,864,0,864,1,1925,1950,864,5,0,98000
6,1212,2,1212,2,2009,2009,1212,6,0,186000
7,1852,2,900,2,2009,2009,932,7,1,252678
5,990,2,990,1,1995,1995,990,5,0,156000
6,1392,1,689,1,1977,1977,689,6,0,161750
5,1236,1,1070,1,1957,1996,1236,6,1,134450
7,1436,2,1436,2,2004,2004,1436,8,0,210000
4,1328,1,686,1,1925,1950,810,8,0,107000
7,1954,2,798,1,1939,2006,1137,8,2,311500
7,1248,2,1248,2,2005,2006,1248,5,0,167240
7,1498,2,1498,2,2006,2006,1498,5,0,204900
6,2267,2,1010,2,2002,2002,1010,8,1,200000
6,1552,2,713,2,1975,1975,811,6,1,179900
4,864,2,864,1,1971,1971,864,4,0,97000
10,2392,3,2392,2,2003,2003,2392,8,1,386250
5,1302,1,630,2,1971,1971,630,6,0,112000
7,2520,3,1203,2,1995,1995,1214,9,1,290000
6,987,1,483,1,1970,1970,483,5,0,106000
5,912,1,912,1,1967,1967,912,5,1,125000
7,1555,2,1373,2,2005,2006,1555,7,1,192500
6,1194,1,1194,1,1959,1959,1194,6,0,148000
8,2794,3,1462,2,1995,1996,1490,9,1,403000
6,987,1,483,1,1972,1972,483,5,1,94500
5,894,1,894,1,1976,1976,894,5,0,128200
6,1960,2,860,2,2002,2002,860,8,2,216500
6,987,1,483,1,1971,1971,483,5,0,89500
7,1414,2,1414,2,2004,2004,1414,6,0,185500
7,1744,2,996,2,1993,2003,1014,7,0,194500
8,1694,3,1694,2,2007,2007,1694,7,0,318000
6,1487,1,735,1,1945,1950,798,7,1,113000
8,1566,2,1566,2,2008,2008,1566,7,0,262500
5,866,0,686,1,1945,1997,866,4,0,110500
5,1440,1,540,1,1900,1950,889,6,0,79000
6,1217,1,626,1,1980,1980,626,6,1,120000
7,2110,2,948,2,1994,2002,1222,8,2,205000
7,1872,2,1845,2,1988,1988,1872,6,1,241500
6,1928,1,1020,2,1910,1950,908,9,0,137000
6,1375,2,1367,1,1954,1954,1375,5,1,140000
7,1668,2,840,2,2003,2003,840,8,0,180000
6,2144,2,1444,2,1958,2006,1444,7,2,277000
3,1306,0,728,1,1940,1966,1306,6,0,76500
8,1625,2,1573,2,2006,2007,1625,5,1,235000
6,1640,2,798,2,2004,2004,798,6,0,173000
6,1302,1,1302,2,1964,1991,1302,7,0,158000
5,1314,1,1314,1,1957,1957,1314,5,0,145000
7,2291,2,975,2,1999,1999,1005,8,1,230000
6,1728,2,864,2,2003,2003,864,7,0,207500
7,1604,2,1604,2,2006,2006,1604,8,1,220000
7,1792,2,963,2,2001,2001,963,7,1,231500
5,882,1,0,1,1956,1956,882,4,0,97000
6,1382,2,1362,1,1962,1962,1382,6,1,176000
8,2574,3,1482,2,2007,2007,1482,10,1,276000
6,1212,2,506,1,1977,1995,1212,6,1,151000
5,1316,2,926,1,1929,2001,926,6,0,130000
5,764,2,680,1,1925,2004,764,4,0,73000
6,1422,2,1422,2,1981,1981,1422,7,1,175500
6,1511,2,802,2,1997,1997,802,8,1,185000
5,2192,1,720,2,1939,1997,1052,8,1,179500
5,778,1,740,1,1940,1955,778,4,1,120500
6,1113,1,1143,1,1976,1976,1113,6,1,148000
8,1939,3,1095,2,2006,2006,1095,8,1,266000
7,1363,2,1385,1,1954,2005,1363,5,2,241500
8,2270,3,1152,2,1999,2007,1164,9,1,290000
6,1632,1,1240,2,1958,1988,1632,6,1,139000
5,816,1,816,1,1982,1982,816,5,0,124500
7,1548,2,952,2,1925,2007,952,5,0,205000
7,1560,2,1560,2,2003,2003,1560,7,0,201000
4,864,2,864,1,1951,1951,864,4,0,141000
9,2121,3,2121,2,2006,2007,2121,8,1,415298
7,2022,2,1160,2,1977,1977,1156,8,1,192000
7,1982,2,807,2,1989,1989,1175,7,1,228500
6,1262,2,1262,2,2006,2006,1262,5,0,185000
7,1314,2,1314,2,2007,2008,1314,6,1,207500
8,1468,3,1468,2,2008,2009,1468,6,1,244600
6,1575,2,1575,2,1992,1992,1575,5,0,179200
7,1250,2,625,2,2006,2007,625,5,0,164700
6,1734,2,912,1,1962,1981,1085,7,1,159000
4,858,0,858,1,1971,1971,858,5,0,88000
5,900,1,882,1,1967,1967,900,5,0,122000
6,1396,1,698,1,1915,2003,698,7,0,153575
8,1919,2,1079,2,2006,2006,1079,8,1,233230
5,1716,0,780,2,1912,2000,936,9,0,135900
5,1716,1,768,1,1949,2008,1148,8,1,131000
7,2263,2,795,2,1977,1994,1468,9,1,235000
6,1644,2,1416,1,1953,1953,1644,7,2,167000
6,1003,2,1003,1,1984,1984,1003,6,0,142500
5,1558,1,910,1,1950,1950,910,6,0,152000
7,1950,2,975,2,1997,1998,975,7,1,239000
6,1743,2,702,1,1968,1968,1041,7,1,175000
6,1152,1,1092,1,1950,2004,1152,6,1,158500
5,1336,1,1165,1,1953,1953,1336,5,2,157000
8,2452,2,1028,2,1998,1999,1210,9,1,267000
7,1541,3,1541,2,2001,2002,1541,6,1,205000
5,894,2,894,1,1972,1972,894,5,0,149900
7,3493,3,1470,3,1880,2002,1675,10,1,295000
8,2000,3,2000,2,2004,2005,2000,8,0,305900
7,2243,3,700,2,1990,1991,1122,8,1,225000
6,1406,0,319,1,1920,1950,1035,6,0,89500
4,861,2,861,1,1940,1950,861,4,0,82500
9,1944,3,1896,2,2003,2004,1944,8,3,360000
6,1501,2,697,2,1993,1994,697,6,1,165600
6,972,1,972,1,1948,2002,972,5,1,132000
5,1118,2,793,1,1939,1950,793,5,1,119900
7,2036,2,2136,2,1965,1965,2036,8,2,375000
7,1641,2,728,1,1925,1990,832,6,1,178000
7,1432,2,716,2,2004,2005,716,6,1,188500
7,2353,2,845,2,1980,1980,1153,10,1,260000
8,1959,3,1088,2,2006,2006,1088,8,1,270000
7,2646,3,1347,2,1993,1993,1372,9,1,260000
7,1472,2,1372,2,1980,1980,1472,6,2,187500
9,2596,3,1249,3,2006,2006,1249,9,0,342643
8,2468,3,1136,2,2004,2004,1136,10,1,354000
7,2730,2,1502,2,1986,1987,1553,8,1,301000
3,1163,1,1162,1,1955,2005,1163,6,0,126175
7,2978,2,710,2,1967,2007,1898,11,1,242000
5,803,2,720,1,1941,1950,803,5,0,87000
8,1719,2,1719,1,1993,1993,1719,6,2,324000
6,1383,1,1383,1,1960,1960,1383,7,0,145250
6,2134,2,844,2,1916,1994,1445,10,0,214500
5,1192,1,596,1,1920,1950,596,6,0,78000
5,1728,1,1728,2,1964,1964,1728,10,0,119000
5,1056,1,1056,1,1958,1992,1056,6,0,139000
8,1629,3,3206,2,2003,2004,1629,7,1,284000
7,1358,2,1358,2,2004,2004,1358,6,1,207000
6,1638,2,943,2,1998,1998,943,7,2,192000
5,1786,2,1499,2,1965,1965,1619,7,2,228950
9,1922,3,1922,2,2005,2006,1922,8,1,377426
7,1536,2,1536,2,2002,2003,1536,7,0,214000
7,1621,2,1208,2,1984,1998,1621,8,0,202500
6,1215,1,1215,1,1958,1998,1215,6,0,155000
8,1908,2,967,2,2002,2002,993,9,0,202900
4,841,1,721,1,1950,1950,841,4,0,82000
3,1040,2,0,2,1949,1950,1040,6,0,87500
9,1684,2,1684,2,2005,2005,1684,6,1,266000
5,1112,1,536,1,1976,1976,536,4,0,85000
6,1577,1,972,1,1939,1950,972,6,1,140200
6,958,1,958,1,1960,1998,958,5,0,151500
6,1478,2,1478,2,1960,1960,1478,6,2,157500
7,1626,2,764,2,2003,2004,764,6,0,154000
9,2728,3,1848,2,2005,2006,1848,10,2,437154
9,1869,2,1869,2,2007,2007,1869,6,1,318061
7,1453,2,1453,1,1986,1986,1453,6,1,190000
5,1111,1,616,1,1941,1950,616,5,0,95000
6,720,2,624,1,1928,2003,720,5,0,105900
6,1595,1,940,1,1940,2000,1192,6,2,140000
6,1200,2,1200,2,1995,1995,1200,6,0,177500
6,1167,2,1158,2,1992,1992,1167,6,0,173000
5,1142,2,1142,1,1976,1976,1142,6,1,134000
5,1352,1,1062,1,1958,1958,1352,6,0,130000
8,1924,2,1086,2,1998,1998,1086,7,1,280000
6,912,2,888,1,1978,1978,912,5,1,156000
5,1505,1,883,1,1940,1982,988,8,0,145000
7,1922,2,0,3,2003,2003,495,7,1,198500
6,987,1,483,1,1972,2007,483,5,0,118000
6,1574,2,796,2,1976,1976,790,6,1,190000
5,1344,1,672,1,1920,1997,672,6,0,147000
6,1394,2,1394,1,1963,1963,1394,6,2,159000
6,1431,1,1099,1,1962,1962,1431,6,1,165000
5,1268,1,1268,1,1954,1954,1268,7,1,132000
5,1287,2,1063,1,1959,2006,1287,7,1,162000
6,1664,2,953,2,2000,2000,953,7,1,172400
4,1588,2,0,2,1959,1959,1120,7,1,134432
6,752,1,744,1,1984,1984,752,4,0,125000
5,1319,1,608,1,1953,1953,1319,5,0,123000
7,1928,2,847,2,2003,2004,847,8,1,219500
1,904,0,683,0,1922,1950,904,4,0,61000
5,914,2,870,1,1996,1996,914,5,0,148000
8,2466,2,1580,3,2004,2005,1580,8,1,340000
9,1856,3,1856,1,2010,2010,1856,8,1,394432
6,1800,2,982,2,2000,2000,1007,7,1,179000
5,1691,1,1026,2,1924,1950,1026,6,1,127000
7,1301,2,1293,2,2006,2006,1301,5,1,187750
7,1797,2,939,2,2006,2006,939,8,0,213500
6,784,2,784,1,1928,1950,784,5,0,76000
6,1953,2,1580,2,1992,1992,1079,9,2,240000
8,1269,2,1256,2,2004,2005,1269,6,1,192000
5,1184,0,658,1,1910,1996,658,8,0,81000
6,1125,1,1041,1,1976,1976,1125,6,1,125000
7,1479,2,1468,2,1999,2000,1479,6,0,191000
10,2332,3,1682,2,2007,2008,1742,9,1,426000
5,1367,1,861,1,1900,1950,961,7,0,119000
6,1961,2,804,2,2001,2002,804,7,1,215000
5,882,1,0,1,1959,1959,882,5,0,106500
4,788,0,788,1,1941,1950,788,4,2,100000
5,1034,1,735,1,1940,1950,735,5,0,109000
5,1144,1,1144,1,1956,1956,1144,6,0,129000
5,894,2,894,1,1972,1972,894,6,0,123000
5,1812,1,864,2,1962,1962,876,8,1,169500
5,1077,1,961,1,1920,1950,1077,6,0,67000
7,1550,2,1092,2,2006,2007,1112,7,0,241000
8,1288,2,1260,1,1996,1996,1288,4,2,245500
7,1310,2,1310,2,2005,2005,1310,6,1,164990
5,672,1,672,1,1940,1997,672,4,0,108000
8,2263,2,1141,2,1998,1998,1165,10,1,258000
6,1572,2,806,2,1995,1996,806,7,1,168000
4,1620,2,1281,2,1976,1993,1620,8,1,150000
6,1639,1,1064,1,1936,1950,1166,6,0,115000
6,1680,1,840,2,1915,1976,840,8,0,177000
7,2172,3,1063,2,2006,2006,1071,9,1,280000
8,2078,3,1034,2,2007,2008,1050,8,1,339750
5,1276,1,1276,1,1958,1958,1276,5,0,60000
5,1056,2,1056,1,1955,1955,1056,5,0,145000
7,1478,2,1470,2,2009,2009,1478,7,1,222000
5,1028,2,1008,1,1927,1950,1028,5,1,115000
7,2097,3,1080,2,1993,1993,1080,9,1,228000
7,1340,2,1340,2,2007,2007,1340,6,0,181134
6,1400,2,672,1,1978,1978,672,6,1,149500
6,2624,3,1370,2,1918,1950,1370,10,1,239000
5,1134,1,756,1,1940,1950,756,7,0,126000
5,1056,1,1056,1,1968,1968,1056,6,1,142000
7,1344,4,1344,2,1997,1998,1344,8,0,206300
6,1602,2,1602,2,1977,2000,1602,8,1,215000
5,988,2,988,1,1954,1954,988,4,0,113000
8,2630,3,1470,2,1998,1998,1470,8,1,315000
6,1196,1,1196,1,1956,1956,1196,6,1,139000
7,1389,1,651,1,1946,1992,707,6,2,135000
7,1644,2,1518,2,1989,1989,1644,5,1,275000
4,907,1,907,1,1957,1957,907,5,0,109008
7,1208,2,1208,2,2007,2007,1208,6,0,195400
6,1412,2,1392,2,1988,1988,1412,6,1,175000
6,987,1,483,1,1971,1971,483,4,0,85400
6,1198,0,901,1,1920,1998,1088,7,0,79900
5,1365,2,765,1,1971,1971,765,6,0,122500
6,1604,2,926,2,1997,1998,926,7,1,181000
4,630,0,630,1,1972,1972,630,3,0,81000
7,1661,2,799,2,1996,1996,827,6,1,212000
6,1118,2,648,1,1920,1950,734,6,0,116000
6,904,1,884,1,1926,2004,904,4,0,119000
5,694,1,440,1,1913,2002,694,4,1,90350
6,1196,2,684,1,1920,2000,684,7,0,110000
10,2402,3,3094,2,2008,2008,2402,10,2,555000
4,1440,0,1440,2,1955,1955,1440,8,0,118000
5,1573,2,1078,2,1930,1992,1128,8,1,162900
7,1258,3,1258,2,2006,2007,1258,6,1,172500
7,1908,2,915,2,1994,1995,933,8,1,210000
6,1689,2,1436,1,1956,1956,1689,7,1,127500
6,1888,2,1517,2,1966,2002,1888,6,1,190000
7,1886,2,930,2,1998,1999,956,10,1,199900
6,1376,1,780,2,1937,1950,780,7,1,119500
3,1183,1,649,1,1948,2002,679,6,0,120000
6,813,1,813,1,1930,2005,813,5,0,110000
7,1533,2,1533,2,1975,1975,1533,5,2,280000
6,1756,2,872,2,1996,1997,888,7,0,204000
8,1590,2,768,2,2008,2008,786,6,0,210000
5,1728,2,1728,2,1976,1976,1728,8,0,188000
7,1242,2,1242,1,1973,1973,1242,6,1,175500
5,1344,3,624,1,1916,1950,624,7,0,98000
4,1663,2,1364,1,1954,1994,1663,6,2,256000
8,1666,1,588,1,1925,1996,833,7,1,161000
5,1203,1,709,1,1950,1950,979,5,1,110000
8,1935,2,832,2,2009,2009,832,8,0,263435
7,1135,2,560,1,1936,2007,575,6,0,155000
5,864,1,864,1,1965,1965,864,5,1,62383
6,1660,1,715,1,1934,1995,849,6,1,188700
5,1040,0,1040,2,1978,1978,1040,5,0,124000
7,1414,2,1375,2,2004,2004,1414,6,1,178740
7,1277,2,1277,1,1970,1970,1277,5,1,167000
5,1644,1,728,1,1942,1995,888,7,2,146500
8,1634,3,1626,2,2006,2006,1634,7,1,250000
6,1710,2,832,2,1993,1993,832,7,0,187000
8,1502,2,1488,1,1985,1985,1502,4,0,212000
7,1969,2,808,2,1977,1977,1161,8,1,190000
6,1072,2,547,1,2005,2005,1072,5,0,148000
8,1976,3,1976,2,2006,2007,1976,7,1,440000
8,1652,2,1494,2,2000,2000,1652,6,0,251000
5,970,2,970,1,1963,1963,970,5,0,132500
6,1493,2,1478,2,1997,1998,1493,7,1,208900
9,2643,3,2153,2,2006,2006,2069,9,1,380000
8,1718,3,1705,2,2007,2008,1718,7,1,297000
4,1131,2,907,1,1937,2000,1131,7,0,89471
9,1850,3,1833,2,2004,2005,1850,8,1,326000
9,1792,3,1792,2,2003,2004,1792,6,1,374000
7,1826,1,910,1,1915,2005,916,7,1,155000
6,1216,2,1216,2,1998,1998,1216,5,0,164000
5,999,1,999,1,1962,2001,999,6,0,132500
5,1113,1,1113,1,1950,2007,1113,5,1,147000
5,1073,2,1073,1,1965,1965,1073,6,0,156000
5,1484,2,1484,2,1971,1971,1484,7,1,175000
5,2414,2,954,2,1900,1970,1766,10,1,160000
4,630,1,630,1,1970,2002,630,3,0,86000
5,1304,1,264,1,1976,1976,616,4,1,115000
6,1578,1,806,1,1941,1950,958,5,2,133000
6,1456,2,728,2,2006,2006,728,8,0,172785
5,1269,1,1269,1,1960,1960,1269,6,1,155000
5,886,1,190,1,1938,1996,886,4,0,91300
4,720,0,720,1,1920,1950,720,4,0,34900
8,3228,2,3200,3,1992,1993,3228,10,1,430000
7,1820,1,1026,2,1925,1950,1133,8,0,184000
5,899,1,864,1,1967,2004,899,5,0,130000
5,912,1,912,1,1958,1985,912,5,0,120000
6,1218,1,672,1,1973,1973,672,7,0,113000
7,1768,2,866,2,2005,2005,866,7,0,226700
5,1214,2,1214,1,1965,1965,1214,6,0,140000
7,1801,2,1501,2,1959,1997,1801,6,2,289000
6,1322,2,855,2,1974,1974,855,6,1,147000
5,1960,2,960,2,1952,1952,960,10,0,124500
8,1911,2,777,2,1993,1994,1065,8,1,215000
6,1218,2,1218,2,2009,2009,1218,4,0,208300
7,1378,2,689,2,1928,2005,689,7,1,161000
5,1041,1,1041,1,1959,1959,1041,6,0,124500
5,1363,1,1008,1,1951,2000,1363,6,2,164900
7,1368,2,1368,2,2005,2006,1368,6,1,202665
5,864,2,864,1,1958,1958,864,5,0,129900
6,1080,2,1084,1,1983,1983,1080,5,0,134000
5,789,1,768,1,1926,1950,789,5,0,96500
10,2020,3,2006,2,2009,2009,2020,9,1,402861
6,2119,2,689,2,1972,1972,1378,7,1,158000
7,2344,3,1264,2,1996,1997,1277,7,1,265000
6,1796,2,794,2,1998,1998,882,7,0,211000
7,2080,1,1276,1,1926,2004,1276,9,2,234000
4,1294,0,0,2,1900,2000,694,7,0,106250
6,1244,1,1244,1,1957,1957,1244,6,2,150000
6,1664,2,1004,2,1947,1950,1004,7,2,159000
10,4676,3,3138,3,2007,2008,3138,11,1,184750
7,2398,3,1379,2,1996,1997,1383,8,1,315750
7,1266,2,1257,2,2005,2005,1266,6,1,176000
5,928,1,928,1,1956,2000,928,4,0,132000
9,2713,3,1452,2,2008,2008,1476,11,1,446261
4,605,0,528,1,1920,2002,605,5,0,86000
6,2515,2,2035,3,1957,1975,2515,9,2,200624
6,1509,2,1461,2,1988,1989,1509,5,1,175000
6,1362,2,611,2,1920,1999,751,6,0,128000
5,827,1,0,1,1955,2007,827,5,1,107500
1,334,0,0,1,1946,1950,334,2,0,39300
8,1414,2,707,2,2004,2004,707,6,1,178000
5,1347,0,1117,1,1910,1991,820,5,0,107500
7,1724,2,880,2,1998,1999,880,8,0,188000
4,864,2,864,1,1972,1972,864,5,0,111250
5,1159,1,1051,1,1968,1968,1159,7,1,158000
8,1601,2,1581,2,2001,2002,1601,6,1,272000
9,1838,3,1838,2,2006,2006,1838,8,1,315000
8,2285,3,969,2,2000,2000,997,8,1,248000
7,1680,2,1650,2,1998,1999,1680,7,1,213250
7,767,1,723,1,1998,1998,767,4,0,133000
7,1496,2,654,2,2006,2006,664,7,1,179665
7,2183,3,1204,2,1988,1988,1377,9,0,229000
6,1635,2,1065,1,1923,1950,915,6,1,210000
5,768,2,768,1,1970,1970,768,5,0,129500
5,825,2,825,1,1955,1995,825,4,0,125000
7,2094,2,912,2,2003,2004,912,8,1,263000
6,1069,2,1069,2,1977,1977,1069,4,0,140000
5,928,1,928,1,1957,1957,928,5,0,112500
8,1717,3,1709,2,2006,2006,1717,7,1,255500
4,1126,2,0,2,1949,2003,1126,5,0,108000
7,2046,3,998,2,2003,2004,1006,8,1,284000
5,1048,1,993,1,1922,1950,1048,5,1,113000
5,1092,1,1092,1,1957,1957,1092,6,1,141000
4,1336,1,637,1,1920,1950,897,7,0,108000
7,1446,2,729,2,1996,1997,729,6,1,175000
7,1557,2,1374,2,2003,2004,1557,7,1,234000
5,1392,2,1392,1,1957,1996,1392,5,1,121500
5,1389,2,1389,1,1974,1975,1389,6,1,170000
5,996,0,996,1,1940,1969,996,6,1,108000
6,1674,2,1163,2,1918,1950,1163,8,1,185000
7,2295,2,1095,2,1992,2000,1166,9,1,268000
6,1647,1,806,1,1915,1950,841,6,0,128000
9,2504,3,1122,2,2005,2007,1134,11,1,325000
7,1535,2,1517,2,2004,2004,1535,7,0,214000
8,2132,2,1496,1,1983,2009,1496,5,1,316600
5,943,2,943,1,1979,1979,943,4,2,135960
5,1728,2,1728,2,1965,1965,1728,10,0,142600
6,864,1,864,1,1959,1959,864,4,0,120000
7,1692,2,846,2,2009,2009,846,6,0,224500
7,1430,2,384,2,2000,2000,774,8,1,170000
5,1109,1,372,1,1971,2005,576,5,0,139000
5,1216,1,832,1,1947,1950,832,6,0,118500
7,1477,1,861,2,1928,1950,877,6,1,145000
5,1320,2,1164,1,1966,1966,1320,6,2,164500
7,1392,2,689,2,2007,2007,703,5,0,146000
5,1795,1,1050,2,1954,1954,1050,7,0,131500
6,1429,2,1144,1,1960,1987,1429,7,2,181900
8,2042,3,2042,2,2008,2009,2042,8,1,253293
6,816,0,816,1,1990,1990,816,5,0,118500
10,2775,2,1237,3,1893,2000,1521,9,1,325000
4,1573,1,884,1,1935,1995,989,6,0,133000
8,2028,3,1868,2,2005,2006,2028,7,2,369900
6,838,1,816,1,1918,2000,838,5,0,130000
5,860,2,840,1,1982,1982,860,4,0,137000
5,1473,1,1437,1,1968,2003,1473,5,2,143000
5,935,1,742,1,1930,1960,779,4,0,79500
7,1582,2,770,2,2004,2004,770,6,0,185900
10,2296,3,1722,2,2008,2008,1728,10,1,451950
5,816,2,816,1,1982,2003,816,4,0,138000
6,848,2,848,1,2003,2003,848,4,0,140000
5,924,1,924,1,1975,1975,924,5,0,110000
8,1826,3,1814,2,2005,2006,1826,7,1,319000
6,1368,1,684,1,1910,1993,684,7,0,114504
7,1402,3,1258,0,2006,2007,1402,7,1,194201
5,1647,2,1430,2,1977,1977,1647,7,1,217500
6,1556,2,716,2,1980,1980,716,6,1,151000
8,1904,2,1058,2,2005,2005,1058,8,1,275000
6,1375,1,780,1,1937,1950,780,6,1,141000
8,1915,2,908,2,1992,1992,927,8,1,220000
7,1200,2,600,2,2004,2005,600,4,0,151000
7,1494,2,1494,2,2002,2002,1494,6,1,221000
7,1986,2,768,2,1965,1990,1186,7,3,205000
5,1040,2,1040,1,1996,1996,1040,6,0,152000
5,2008,1,896,3,1948,2002,1112,8,0,225000
8,3194,2,965,2,1934,1998,1940,10,2,359100
4,1029,1,1029,1,1961,1961,1029,5,0,118500
9,2153,3,1440,2,2000,2000,1476,8,2,313000
6,1032,2,1032,2,1978,1978,1032,6,1,148000
8,1872,2,1299,2,2001,2001,1299,7,1,261500
5,1120,0,1120,1,2007,2007,1120,6,0,147000
4,630,0,630,1,1972,1972,630,3,0,75500
6,1054,2,936,1,1963,1963,1054,6,0,137500
6,1509,2,783,2,2002,2003,807,7,1,183200
6,832,2,832,1,1954,1954,832,4,0,105500
9,1828,3,1822,2,2007,2007,1828,9,1,314813
8,2262,3,1482,2,2003,2003,1482,10,2,305000
3,864,0,864,1,1914,1950,864,5,0,67000
6,2614,2,1522,2,1974,1997,1548,9,1,240000
5,980,2,980,1,1977,1977,980,6,0,135000
6,1512,2,756,2,2000,2000,756,4,1,168500
6,1790,2,732,1,1972,1972,1012,8,1,165150
6,1116,2,1116,1,1962,1962,1116,5,0,160000
5,1422,1,978,1,1960,1978,1422,6,1,139900
6,1520,1,1156,1,1955,1972,1520,7,2,153000
5,2080,2,1040,1,1969,1969,1040,9,2,135000
6,1350,2,1248,1,1964,1964,1350,6,0,168500
5,1750,1,636,1,1880,1991,1089,8,0,124000
8,1554,2,1554,2,2006,2006,1554,6,1,209500
7,1411,2,1386,2,1977,1977,1411,6,1,82500
5,1056,1,1056,1,1954,2005,1056,6,0,139400
6,1056,2,1056,0,1980,1980,1056,4,0,144000
6,3395,0,1440,2,1914,1995,1440,14,0,200000
2,800,0,264,1,1936,1950,800,4,1,60000
5,1387,1,811,2,1954,1954,811,7,0,93000
5,796,0,796,1,1910,1950,796,4,0,85000
8,1567,3,1520,2,2006,2006,1567,7,1,264561
8,1518,2,1518,1,2003,2004,1518,6,1,274000
7,1929,2,1057,2,2001,2001,1057,7,1,226000
8,2704,2,1952,2,1972,1995,2000,9,3,345000
5,1620,2,780,2,1969,1969,780,7,0,152000
9,1766,3,1766,2,2009,2009,1766,7,1,370878
6,981,2,981,1,1971,1971,981,5,0,143250
5,1048,2,0,1,1950,1950,1048,7,0,98300
6,1094,2,1094,1,1953,1953,1094,5,2,155000
6,1839,2,756,1,1966,1966,1051,7,1,155000
4,630,0,630,1,1970,1970,630,3,0,84500
7,1665,2,813,2,2007,2007,822,7,0,205950
4,1510,1,755,1,1940,1950,755,7,1,108000
7,1716,2,880,2,1996,1996,909,7,1,191000
6,1469,1,756,1,1906,1995,756,7,0,135000
8,2113,3,2109,2,1995,1995,2113,7,1,350000
6,1092,1,525,1,1971,1971,525,6,0,88000
5,1053,1,1053,1,1959,2006,1053,5,0,145500
7,1502,1,776,1,1931,2000,851,6,1,149000
6,1458,1,912,1,1948,1950,912,6,1,97500
5,1486,2,1486,1,1964,1999,1486,7,0,167000
7,1935,2,793,2,1976,1976,1142,7,1,197900
8,2448,3,1629,2,1994,2005,1686,8,1,402000
6,1392,2,1392,1,1968,1968,1392,5,2,110000
4,1181,2,1138,2,1972,1972,1181,6,0,137500
8,2097,3,2077,1,2005,2006,2097,8,1,423000
8,1936,2,1406,2,2000,2000,1454,7,1,230500
6,2380,2,1021,2,1965,1979,1465,7,1,129000
6,1679,2,1408,2,1994,1998,1679,7,1,193500
5,1437,2,1188,1,1956,1987,1437,6,1,168000
4,1180,1,700,1,1922,1950,1180,5,1,137500
6,1476,2,738,2,2005,2005,738,7,0,173500
6,1369,1,672,2,1925,1950,697,6,0,103600
6,1208,2,1208,1,1977,1977,1208,6,1,165000
6,1839,2,1477,2,1957,2004,1839,7,2,257500
6,1136,1,1136,1,1965,1965,1136,5,1,140000
6,1441,2,855,2,1978,1978,855,7,1,148500
4,1774,3,1095,2,1900,1950,1095,8,0,87000
5,792,1,768,1,1924,2006,792,5,0,109500
8,2046,3,2046,2,2008,2008,2046,7,1,372500
5,988,2,988,1,1961,1961,988,5,0,128500
6,923,1,923,2,1980,1980,923,5,1,143000
5,1520,1,793,1,1932,2000,848,6,0,159434
6,1291,2,1291,1,1996,1997,1291,6,1,173000
9,1668,3,1626,2,2002,2002,1668,7,1,285000
7,1839,2,1195,2,1998,1998,1195,7,0,221000
7,2090,2,1190,2,1984,1984,1190,6,1,207500
7,1761,2,874,3,2007,2007,874,7,0,227875
7,1102,2,551,2,2004,2004,551,4,0,148800
8,1419,2,1419,2,2007,2007,1419,7,1,392000
6,1362,2,1362,2,2005,2006,1362,6,1,194700
6,848,2,848,1,2004,2004,848,3,1,141000
10,4316,3,2444,3,1994,1995,2444,10,2,755000
7,2519,2,1210,2,1989,1990,1238,9,2,335000
5,1073,1,1073,1,1921,1968,1073,4,0,108480
5,1539,2,927,1,1936,1950,1067,5,0,141500
6,1137,2,1112,2,1987,1987,1137,5,1,176000
5,616,1,616,1,1921,1950,616,4,0,89000
5,1148,1,980,1,1952,1952,1148,6,0,123500
5,894,1,894,1,1965,2009,894,5,1,138500
7,1391,2,1391,2,2004,2004,1391,5,0,196000
8,1800,3,1800,2,2002,2002,1800,7,1,312500
7,1164,2,1164,1,1969,1969,1164,6,0,140000
8,2576,3,1234,2,2006,2006,1264,10,1,361919
5,1812,2,360,2,1900,1996,1032,8,1,140000
7,1484,2,1473,2,2004,2005,1484,7,0,213000
4,1092,0,0,2,1930,1950,372,7,0,55000
7,1824,2,1643,2,1971,2002,1824,5,2,302000
8,1324,2,1324,2,2006,2006,1324,6,1,254000
7,1456,2,728,2,2007,2007,728,8,1,179540
5,904,1,876,1,1966,1966,904,6,0,109900
3,729,0,270,1,1935,2003,729,5,0,52000
4,1178,1,859,1,1900,1950,859,7,0,102776
8,1228,2,1228,2,1988,1989,1228,5,1,189000
4,960,2,960,1,1970,1970,960,6,0,129000
6,1479,2,725,2,1976,2005,725,6,0,130500
6,1350,2,1064,2,1974,1974,1350,7,1,165000
7,2554,2,718,1,1890,1998,1576,8,0,159500
5,1178,2,1176,1,1973,2000,1178,5,1,157000
7,2418,3,1311,2,1993,1994,1325,9,1,341000
5,971,1,971,1,1969,1969,971,5,1,128500
8,1742,2,1742,2,1985,1985,1742,5,1,275000
6,848,2,848,1,2004,2004,848,3,0,143000
4,864,2,864,1,1970,1970,864,5,0,124500
4,1470,1,941,2,1954,1972,997,7,0,135000
9,1698,3,1698,2,2007,2008,1698,8,1,320000
4,864,2,864,1,1970,1970,864,5,0,120500
6,1680,2,880,2,1988,2007,1680,5,1,222000
7,1232,2,1232,2,2007,2007,1232,6,0,194500
5,1776,3,1584,2,1958,1958,1776,9,0,110000
4,1208,2,780,1,1925,1950,848,5,0,103000
8,1616,2,1595,2,1995,1996,1616,5,1,236500
7,1146,2,868,2,2003,2003,1146,6,1,187500
7,2031,2,1153,2,1998,1999,1153,8,1,222500
5,1144,1,864,1,1961,1983,1144,6,1,131400
5,948,1,948,1,1968,1968,948,6,0,108000
7,1768,2,880,1,1914,1970,880,6,2,163000
3,1040,2,0,2,1950,1950,1040,6,0,93500
8,1801,3,893,2,2005,2005,901,8,1,239900
5,1200,0,1200,3,1987,1988,1200,5,0,179000
7,1728,2,864,2,2004,2004,864,7,0,190000
5,1432,2,264,2,1910,2002,768,7,0,132000
6,912,1,912,1,1961,1996,912,5,0,142000
7,1349,2,1349,2,2000,2001,1349,6,0,179000
5,1464,2,520,2,1963,1999,1464,6,1,175000
8,1337,2,1337,2,1993,1993,1337,5,1,180000
8,2715,2,1142,3,1976,1996,1175,11,2,299800
7,2256,2,952,2,2000,2000,980,8,1,236000
7,2640,4,1240,1,1880,2003,1320,8,1,265979
7,1720,2,1720,2,1996,1996,1720,7,1,260400
4,1529,1,0,2,1945,1950,1088,9,0,98000
4,1140,0,576,1,1910,2004,792,7,0,96500
7,1320,2,660,2,2003,2003,660,6,0,162000
6,1494,2,1479,2,1997,1997,1494,6,0,217000
8,2098,3,1030,2,2005,2005,1038,8,1,275500
6,1026,2,1026,1,1969,2005,1026,5,0,156000
6,1471,2,729,2,1999,1999,742,6,0,172500
8,1768,2,866,2,2007,2007,866,7,0,212000
6,1386,2,672,2,1978,1978,672,6,1,158900
7,1501,2,744,2,1999,1999,757,6,0,179400
8,2531,3,1318,2,1995,1995,1328,9,1,290000
6,864,1,864,1,1959,1959,864,5,0,127500
5,1301,2,1145,1,1924,1950,1301,5,0,100000
7,1547,2,756,2,2009,2009,764,7,0,215200
8,2365,3,1252,2,1999,1999,1268,8,1,337000
8,1494,2,1494,1,1995,1996,1494,6,1,270000
9,1506,2,1498,2,2008,2008,1506,6,1,264132
7,1714,2,980,2,1988,1988,980,7,1,196500
6,1750,1,983,2,1940,1985,983,7,0,160000
7,1836,2,1860,2,2004,2005,1836,8,1,216837
8,3279,3,1650,3,2003,2003,1690,12,1,538000
5,858,2,858,1,1982,1982,858,5,0,134900
4,1220,2,836,1,1951,1951,1220,6,0,102000
6,1117,2,1029,1,1976,1976,1117,6,1,107000
5,912,1,912,1,1958,1958,912,5,0,114500
8,1973,3,1935,2,2006,2006,1973,9,1,395000
6,1204,2,1204,2,1998,1998,1204,5,0,162000
7,1614,3,1614,2,2005,2006,1614,7,0,221500
5,894,2,864,1,1974,1974,894,5,1,142500
5,2020,2,0,2,1977,1977,2020,10,2,144000
6,1004,2,975,1,1977,1977,1004,4,0,135000
7,1253,2,1237,2,1995,1996,1253,6,1,176000
6,1603,2,761,2,1992,1992,810,7,0,175900
7,1430,2,1413,2,2001,2002,1430,6,0,187100
5,1110,2,1097,1,1978,1978,1110,4,1,165500
6,1484,0,742,2,1914,2001,742,9,1,128000
6,1342,2,1372,2,1967,1967,1342,7,1,161500
5,1652,1,686,2,1915,1950,966,7,0,139000
7,2084,2,956,2,2004,2004,956,8,0,233000
4,901,1,901,1,1954,2000,901,4,0,107900
6,2087,2,832,2,1966,2007,976,9,0,187500
7,1145,2,1145,2,2005,2006,1145,5,1,160200
6,1062,2,1029,1,1976,1976,1062,5,2,146800
7,2013,2,1117,2,1996,1997,1127,8,1,269790
8,1496,2,1496,2,2007,2007,1496,7,0,225000
7,1895,2,712,2,1994,1996,1086,7,1,194500
6,1564,2,650,2,1980,1981,888,7,1,171000
6,1285,2,660,1,1977,1977,1285,7,1,143500
5,773,1,773,1,1953,1953,773,4,0,110000
9,3140,3,1926,3,2008,2009,1966,11,2,485000
5,1768,1,731,1,1937,1950,981,7,2,175000
6,1688,2,616,2,1997,1997,616,8,0,200000
4,1196,2,1196,1,1916,1990,1196,5,0,109900
7,1456,2,728,2,2005,2005,728,7,1,189000
9,2822,3,1734,3,2008,2009,1734,12,1,582933
5,1128,1,936,1,1954,1954,1128,5,0,118000
7,1428,2,1417,2,2008,2008,1428,6,0,227680
5,980,1,980,2,1967,1967,980,6,0,135500
5,1576,2,1324,1,1923,2004,1072,6,1,223500
5,1086,2,1024,1,1966,1966,1086,6,1,159950
5,2138,2,849,2,1898,1965,1075,11,0,106000
6,1309,2,1040,1,1974,1999,1309,5,1,181000
6,848,2,848,1,2004,2004,848,4,1,144500
5,1044,2,540,1,1952,1952,1044,4,0,55993
6,1442,1,1442,1,1958,1958,1442,7,0,157900
5,1250,1,686,1,1918,1950,686,7,0,116000
7,1661,2,1649,2,1998,1998,1661,6,0,224900
5,1008,1,1008,1,1954,1954,1008,4,1,137000
8,1689,3,1568,2,2002,2002,1689,7,2,271000
6,1052,2,1010,1,1971,1971,1052,6,0,155000
7,1358,2,1358,2,2009,2010,1358,6,1,224000
7,1640,2,798,2,2003,2003,798,6,0,183000
4,936,2,936,1,1953,1953,936,4,0,93000
7,1733,2,847,2,2003,2003,847,7,1,225000
6,1489,1,778,2,1940,1950,944,7,1,139500
8,1489,2,1489,2,2006,2006,1489,7,1,232600
10,2084,3,2078,2,2007,2008,2084,7,1,385000
5,784,0,784,1,1924,1950,784,5,0,109500
7,1434,2,1454,2,2001,2001,1434,6,1,189000
5,2126,2,1013,2,1967,1967,1160,7,0,185000
7,1223,2,600,2,2005,2005,520,4,0,147400
6,1392,2,1392,1,1957,1957,1392,6,2,166000
7,1200,2,600,2,2005,2005,520,4,0,151000
7,1829,2,941,2,2003,2003,941,7,1,237000
6,1516,2,1516,1,1964,1964,1516,6,0,167000
5,1144,2,1144,1,1961,1961,1144,6,0,139950
4,1067,2,1067,2,1950,1995,1067,4,0,128000
5,1559,2,1559,1,1948,1973,1559,5,0,153500
6,987,1,483,1,1973,1973,483,5,0,100000
5,1099,1,1099,1,1995,2006,1099,6,0,144000
5,1200,1,768,1,1946,1995,768,6,0,130500
6,1482,1,672,2,1925,1950,810,7,0,140000
5,1539,2,650,2,1904,2002,958,8,1,157500
6,1165,2,1127,1,1966,1966,1165,6,0,174900
5,1800,0,1800,2,1961,1961,1800,10,0,141000
5,1416,3,876,1,1915,1950,876,7,1,153900
5,1701,2,1390,2,1975,1981,1701,6,2,171000
7,1775,2,740,2,1993,1993,1006,7,1,213000
5,864,1,864,1,1972,1972,864,5,1,133500
6,2358,2,907,3,1908,1997,1307,10,1,240000
6,1855,2,528,2,1976,1994,1094,7,1,187000
6,848,2,848,1,2003,2003,848,3,0,131500
8,1456,2,1273,2,2003,2003,1456,7,1,215000
7,1646,1,918,2,1941,1950,918,7,2,164000
6,1445,2,1127,1,1964,1964,1445,7,1,158000
5,1779,2,1763,1,1955,1974,1779,6,1,170000
5,1040,1,1040,1,1962,2010,1040,6,0,127000
6,1026,2,940,1,1978,1978,1026,5,0,147000
6,1481,2,702,2,1994,1995,702,6,1,174000
7,1370,2,1090,2,1976,1976,1370,6,1,152000
6,2654,2,1054,2,1968,1984,1512,9,1,250000
7,1426,1,912,1,1918,1998,912,7,1,189950
5,1039,2,1039,1,1965,1965,1039,6,0,131500
6,1097,2,1040,2,1984,1985,1097,6,0,152000
5,1148,1,1148,1,1959,1959,1148,6,0,132500
7,1372,2,1372,2,2007,2008,1372,6,0,250580
5,1002,2,1002,1,1970,1970,1002,5,0,148500
8,1646,3,1638,2,2006,2007,1646,6,1,248900
4,1120,2,1040,1,1961,1961,1120,5,0,129000
5,2320,2,0,2,1948,1950,1547,7,1,169000
7,1949,2,1050,2,1993,1994,1062,8,1,236000
5,894,1,894,1,1962,1962,894,5,0,109500
6,1682,2,804,2,1998,1998,804,7,0,200500
5,910,2,105,1,1953,1996,910,5,0,116000
5,1268,1,832,1,1949,1950,1036,6,1,133000
5,1131,1,676,1,1941,1950,676,5,0,66500
8,2610,2,1184,2,2007,2007,1184,11,1,303477
4,1040,2,1064,1,1963,1963,1040,5,0,132250
9,2224,3,1462,2,2004,2005,1462,10,1,350000
5,1155,2,1109,1,1961,1995,1155,6,0,148000
5,864,1,864,1,1978,2005,864,6,0,136500
5,1090,2,1090,1,2005,2006,1090,5,0,157000
7,1717,2,1156,2,1990,1991,1187,7,1,187500
6,1593,2,808,2,1992,1993,808,7,1,178000
4,2230,1,795,1,1912,1950,954,10,0,118500
5,892,1,892,1,1967,1967,892,5,0,100000
9,1709,2,1698,2,1999,2000,1709,5,1,328900
5,1712,2,1626,2,1959,2005,1712,8,0,145000
5,1393,1,816,1,1955,1955,872,8,0,135500
8,2217,2,2217,2,1970,1970,2217,8,1,268000
6,1505,2,1505,1,1953,1953,1505,6,1,149500
5,924,2,672,1,1949,2006,672,6,1,122900
6,1683,2,918,2,1978,1978,918,7,1,172500
6,1068,1,1059,1,1963,2003,1068,6,0,154500
5,1383,1,1383,1,1954,1954,1383,6,1,165000
5,1535,2,0,2,1979,1979,1535,8,0,118858
6,1796,2,780,1,1963,1963,983,8,1,140000
4,951,1,951,1,1936,1950,951,6,0,106500
5,2240,2,0,2,1979,1979,1120,12,0,142953
9,2364,3,2330,2,2009,2010,2364,11,2,611657
5,1236,1,912,1,1961,1994,1236,6,1,135000
4,858,1,858,1,1971,1971,858,4,0,110000
5,1306,1,992,1,1957,2000,1306,5,0,153000
7,1509,2,783,2,2003,2003,807,8,1,180000
7,1670,3,1670,2,2006,2006,1670,7,1,240000
5,902,1,876,1,1967,1967,902,6,0,125500
5,1063,1,1056,1,1954,1954,1063,6,0,128000
8,1636,3,1623,2,2006,2006,1636,8,1,255000
7,2057,1,1017,1,1936,1987,1020,6,1,250000
5,902,2,864,1,1983,1983,902,5,0,131000
6,1484,2,742,2,2005,2005,742,8,1,174000
5,2274,2,1105,2,1960,1960,1105,12,0,154300
5,1268,1,1268,1,1977,1989,1268,5,0,143500
5,1015,1,768,1,1925,1950,1015,6,0,88000
5,2002,3,1001,2,1949,1950,1001,8,0,145000
6,1224,2,612,2,2009,2009,612,4,0,173733
4,1092,1,546,1,1970,1970,546,6,0,75000
2,480,1,480,0,1949,1950,480,4,0,35311
4,1229,1,1134,1,1956,1956,1229,6,0,135000
7,2127,3,1104,2,1991,1991,912,8,1,238000
6,1414,2,1184,1,1958,2002,1414,6,1,176500
6,1721,2,928,2,1994,1994,936,7,0,201000
5,2200,0,1272,2,1900,2003,1272,9,0,145900
6,1316,2,1316,2,2005,2006,1316,6,1,169990
6,1617,2,1604,2,1993,1994,1617,5,1,193000
6,1686,2,1686,2,1980,1980,1686,7,1,207500
5,1126,2,1126,2,1977,1977,1126,6,0,175000
8,2374,3,1181,2,2003,2004,1234,10,1,285000
7,1978,2,832,2,1968,1968,1098,9,1,176000
8,1788,2,1753,2,2001,2001,1788,7,1,236500
7,2236,2,964,2,1997,1997,993,8,1,222000
8,1466,3,1466,2,2007,2007,1466,7,0,201000
5,925,1,925,1,1965,1965,925,5,0,117500
9,1905,3,1905,2,2006,2006,1905,8,1,320000
7,1500,2,1500,2,2004,2004,1500,6,0,190000
7,2069,2,585,2,1960,2007,2069,9,1,242000
4,747,2,600,1,1926,1953,747,5,0,79900
7,1200,2,1176,2,2003,2003,1200,5,0,184900
7,1971,2,1113,2,2005,2005,1113,8,1,253000
7,1962,3,1391,2,2006,2006,1391,7,0,239799
7,2403,1,1032,2,1940,1950,1207,10,2,244400
6,1728,2,1728,2,1976,1976,1728,8,0,150900
7,2060,2,992,2,1999,1999,1022,8,1,214000
4,1440,0,1440,2,1977,1977,1440,8,0,150000
5,1632,2,1632,2,1967,1967,1632,8,0,143000
6,1344,2,819,1,1958,1958,1344,7,1,137500
5,1869,2,1088,1,1890,1996,1188,7,0,124900
5,1144,1,1144,1,1959,1959,1144,6,1,143000
8,1629,3,1616,2,2002,2003,1629,9,1,270000
7,1776,2,936,2,2002,2002,936,7,1,192500
6,1381,2,1161,1,1972,2006,1381,5,1,197500
5,864,2,864,1,1950,2002,864,5,0,129000
5,965,1,828,1,1965,1965,965,6,0,119900
5,768,1,768,1,1972,2003,768,5,0,133900
5,1968,2,784,2,1969,1969,1168,7,1,172000
6,980,0,945,2,1975,1975,980,4,0,127500
6,1958,2,979,2,1946,1950,979,8,0,145000
6,1229,2,561,1,1980,1980,561,5,1,124000
5,1057,2,1057,1,1962,1962,1057,6,0,132000
7,1337,2,1337,2,2003,2003,1337,6,0,185000
7,1416,2,696,2,1999,1999,696,6,0,155000
5,858,0,858,1,1958,2008,858,4,0,116500
6,2872,2,1330,2,1977,1995,1542,11,1,272000
6,1548,2,804,2,1976,1976,804,7,1,155000
9,1800,2,1800,2,2007,2007,1800,7,0,239000
7,1894,2,817,2,2002,2003,824,8,1,214900
6,1484,2,783,2,2005,2007,783,8,1,178900
5,1308,1,728,1,1940,1950,976,7,2,160000
5,1098,1,1098,1,1955,1955,1098,6,0,135000
3,968,0,600,1,1910,1950,600,6,0,37900
6,1095,1,588,1,1958,1958,1095,6,0,140000
4,1192,0,720,1,1949,1950,720,6,0,135000
7,1626,2,764,2,2003,2004,764,6,0,173000
6,918,1,918,2,1979,1979,918,5,1,99500
7,1428,2,1428,2,2007,2008,1428,6,0,182000
7,2019,2,728,1,1910,1993,1136,8,0,167500
7,1382,2,673,2,2000,2000,673,6,0,165000
4,869,0,440,1,1923,1958,869,4,0,85500
7,1241,2,1241,1,2006,2007,1241,4,0,199900
4,894,2,894,1,1954,1954,894,5,0,110000
5,1121,2,1121,1,1963,1963,1121,5,0,139000
7,999,2,944,1,1961,2007,999,6,0,178400
8,2612,3,1225,2,1998,1999,1276,8,1,336000
7,1266,2,1266,2,2007,2007,1266,6,1,159895
8,2290,2,1128,2,2002,2002,1149,9,1,255900
5,1734,2,0,2,1977,1977,1302,8,0,126000
5,1164,1,1164,1,1950,1950,1164,5,0,125000
6,1635,1,485,1,1910,2003,1001,5,0,117000
9,1940,3,1930,2,2009,2010,1940,8,1,395192
6,2030,2,848,2,1976,1976,1118,8,1,195000
7,1576,2,770,2,2006,2006,778,6,0,197000
8,2392,3,1396,2,1997,1998,1407,7,1,348000
8,1742,2,916,1,1882,1986,916,8,1,168000
6,1851,2,822,2,1964,1993,1020,7,1,187000
6,1500,2,750,2,2005,2006,750,6,0,173900
10,1718,3,1700,2,2006,2007,1718,7,1,337500
4,1230,1,747,1,1946,1950,774,5,0,121600
5,1050,1,1050,1,1961,1961,1050,6,0,136500
6,1442,2,1442,2,1970,1970,1442,6,1,185000
3,1077,1,1007,1,1922,1950,1077,6,1,91000
7,1208,2,1187,2,2006,2006,1208,6,0,206000
3,944,2,0,1,1952,1952,944,4,0,82000
5,691,1,691,1,1920,1950,691,4,0,86000
8,1574,3,1574,2,2006,2006,1574,7,1,232000
5,1680,2,1680,2,1976,1976,1680,8,0,136905
7,1504,2,1346,2,2005,2006,1504,7,1,181000
5,985,1,985,2,1977,1977,985,6,0,149900
6,1657,2,1657,2,1970,1970,1657,7,1,163500
4,1092,1,546,1,1970,1970,546,6,0,88000
7,1710,2,1710,2,2004,2005,1710,7,1,240000
5,1522,0,1008,2,1926,1950,1008,7,0,102000
5,1271,1,720,2,1948,1950,720,7,1,135000
5,1664,0,0,2,1965,1965,1664,8,0,100000
6,1502,1,602,1,1923,1996,900,7,2,165000
5,1022,1,1022,1,1910,2006,1022,4,0,85000
6,1082,1,1082,1,1948,1950,1082,5,1,119200
8,1665,2,810,2,2001,2001,810,6,0,227000
7,1504,2,1504,2,1996,1996,1504,6,1,203000
8,1360,2,1220,1,1984,1984,1360,4,1,187500
7,1472,2,384,2,1991,1992,802,7,1,160000
7,1506,2,1362,2,2005,2005,1506,6,1,213490
4,1132,2,1132,1,2005,2005,1132,5,0,176000
7,1220,2,1199,2,2006,2006,1220,6,0,194000
5,1248,1,912,1,1930,1950,912,6,0,87000
7,1504,2,1346,2,2005,2006,1504,7,1,191000
8,2898,2,1565,2,1976,1976,2898,10,1,287000
5,882,2,882,1,1972,1972,882,5,0,112500
5,1264,2,1268,1,1960,1960,1264,6,2,167500
8,1646,3,1638,2,2007,2008,1646,7,1,293077
5,1376,1,768,1,1941,1950,968,6,1,105000
6,1218,1,672,1,1972,1972,672,7,0,118000
5,1928,0,686,2,1916,1995,948,10,0,160000
7,3082,2,824,2,1920,1970,1687,12,2,197000
8,2520,3,1338,2,1993,1993,1352,10,1,310000
7,1654,3,1654,2,2002,2002,1654,6,0,230000
5,954,1,920,1,1938,1950,954,5,1,119750
4,845,1,0,1,1957,1957,845,5,0,84000
9,1620,3,1620,2,2007,2008,1620,6,1,315500
8,2263,2,1055,2,2001,2002,1055,7,1,287000
4,1344,0,546,1,1970,2008,798,6,1,97000
4,630,1,630,1,1970,1970,630,3,0,80000
5,1803,2,1134,2,1957,2000,1803,8,1,155000
6,1632,2,800,1,1966,2000,800,7,0,173000
6,1306,2,1306,2,2005,2005,1306,5,1,196000
7,2329,2,1475,2,1990,1990,1532,10,1,262280
8,2524,2,2524,2,1981,1981,2524,9,1,278000
3,1733,2,0,2,1955,1955,1733,8,1,139600
9,2868,3,1992,3,2005,2006,1992,11,1,556581
5,990,2,990,1,1994,1995,990,5,0,145000
5,1771,2,0,1,1960,2006,1771,9,1,115000
4,930,1,0,1,1946,2006,930,6,0,84900
7,1302,2,1302,2,2007,2007,1302,6,0,176485
7,1316,2,1316,2,2007,2007,1316,6,1,200141
6,1977,2,816,1,1964,1978,1127,9,1,165000
5,1526,1,1216,1,1957,2002,1526,7,1,144500
8,1989,2,1065,2,2002,2002,1091,7,1,255000
6,1523,2,1193,2,1976,1976,1523,7,1,180000
7,1364,2,1364,2,2005,2005,1364,6,1,185850
7,1850,2,973,2,1994,1994,979,7,1,248000
9,2184,3,1104,2,2008,2008,1130,10,1,335000
6,1991,2,854,1,1932,1950,1096,7,1,220000
8,1338,2,1338,2,2001,2001,1338,6,0,213500
3,894,3,894,1,1935,1950,894,6,0,81000
5,2337,2,662,2,1900,1950,1422,10,0,90000
6,1103,2,1103,1,1925,1980,1103,5,1,110500
5,1154,2,1154,1,1966,1966,1154,6,1,154000
7,2260,2,1306,2,1996,1997,1306,7,0,328000
6,1571,2,799,2,1993,1994,799,7,1,178000
6,1611,2,780,1,1964,1964,798,7,0,167900
6,2521,2,942,2,1973,1973,1291,10,1,151400
5,893,2,845,1,1949,2003,893,4,0,135000
5,1048,1,1048,1,1956,1956,1048,6,0,135000
6,1556,2,727,1,1968,1968,829,8,0,154000
5,1456,1,810,1,1948,1950,1002,7,1,91500
6,1426,2,690,1,1977,1977,698,6,0,159500
7,1240,3,1240,2,2006,2006,1240,5,0,194000
7,1740,1,800,1,1940,1984,960,6,2,219500
5,1466,2,796,2,1936,1989,1096,7,1,170000
5,1096,1,1096,1,1969,1969,1096,6,0,138800
6,848,2,848,1,2004,2004,848,3,1,155900
5,990,1,990,1,1994,1994,990,5,0,126000
6,1258,2,1258,2,1971,2004,1258,5,0,145000
5,1040,1,1040,1,1963,1963,1040,5,0,133000
7,1459,2,1459,2,2002,2002,1459,6,1,192000
6,1251,1,1251,1,1964,1964,1251,6,2,160000
6,1498,2,691,2,1995,1996,691,6,1,187500
6,996,2,936,1,1992,1992,996,5,0,147000
4,1092,1,546,1,1973,1973,546,6,0,83500
8,1953,3,1082,2,2005,2006,1082,9,1,252000
7,1709,2,970,2,2004,2004,970,7,0,137500
8,1247,2,1247,1,2005,2005,1247,4,1,197000
3,1040,2,0,2,1950,1950,1040,6,0,92900
7,1252,2,600,2,1999,2000,624,4,0,160000
6,1694,2,1181,2,1925,1950,1390,7,1,136500
5,1200,2,864,1,1965,1998,1200,6,0,146000
5,936,1,936,1,1956,2000,936,4,0,129000
6,1314,2,1314,2,2006,2006,1314,6,1,176432
6,1355,0,684,1,1914,2006,773,7,0,127000
8,1088,2,1074,1,1986,1986,1088,5,0,170000
4,1324,1,672,1,1936,1950,757,6,0,128000
7,1601,2,1271,2,1978,1978,1601,7,1,157000
2,438,1,290,1,1920,1950,438,3,0,60000
5,950,1,950,1,1971,1971,950,5,0,119500
5,1134,1,1010,1,1960,2002,1134,6,0,135000
6,1194,2,655,1,1959,1959,1194,6,1,159500
5,1302,2,630,2,1970,1970,630,6,0,106000
8,2622,2,1463,2,1994,1995,1500,9,2,325000
7,1442,2,910,2,1990,1991,1442,6,1,179900
7,2021,2,868,2,2006,2006,887,9,1,274725
6,1690,2,924,2,2000,2000,948,7,1,181000
8,1836,3,1836,2,2004,2005,1836,7,1,280000
6,1658,2,773,2,1995,1996,773,8,1,188000
7,1964,2,803,2,1976,1976,1098,8,1,205000
5,816,1,816,1,1957,1957,816,5,0,129900
5,1008,1,1008,1,1953,2006,1008,6,0,134500
5,833,1,833,1,1954,2000,833,4,0,117000
8,1734,3,1734,2,2007,2007,1734,7,1,318000
8,1419,2,408,2,2002,2002,779,7,1,184100
5,894,2,894,1,1967,2003,894,5,0,130000
5,1601,1,533,1,1958,1987,1021,6,0,140000
5,1040,1,1040,1,1959,1959,1040,6,0,133700
6,1012,1,1012,1,1920,1950,1012,6,1,118400
7,1552,3,1552,2,2005,2006,1552,7,0,212900
4,960,1,672,1,1956,1956,960,5,0,112000
5,698,0,698,1,1947,2008,698,4,0,118000
7,1482,2,384,2,1992,1992,812,7,1,163900
4,1005,2,1005,1,1955,1955,1005,5,1,115000
7,1555,3,1373,2,2007,2007,1555,7,1,174000
7,1530,3,1530,2,2004,2004,1530,7,1,259000
7,1959,2,847,2,2004,2005,847,8,1,215000
5,936,2,936,1,1980,1980,936,4,0,140000
4,1981,2,1122,2,1928,1950,1328,7,2,135000
5,974,0,974,1,1991,1992,974,5,0,93500
6,2210,1,1008,2,1880,1950,1178,8,0,117500
8,2020,2,1128,2,1995,1995,1142,8,1,239500
6,1600,2,916,2,1997,1997,916,7,1,169000
6,986,1,960,1,1926,1950,986,5,1,102000
6,1252,1,1032,1,1950,1950,1032,6,0,119000
5,1020,0,780,1,1875,1996,780,6,0,94000
6,1567,2,1567,2,1977,1977,1567,5,2,196000
5,1167,2,915,1,1920,1950,1167,6,1,144000
5,952,2,952,1,1951,1951,952,4,0,139000
5,1868,2,780,2,1976,1976,1088,9,1,197500
8,2828,3,1466,3,2006,2007,1466,11,1,424870
5,1006,0,1006,1,1959,1959,1006,5,0,80000
4,924,1,672,1,1941,1950,672,5,0,80000
5,1576,1,1042,1,1928,1950,1042,8,1,149000
6,1298,2,1298,2,1985,1985,1298,5,1,180000
7,1564,1,704,1,1941,1950,860,7,1,174500
7,1111,1,572,1,1926,1950,572,5,1,116900
7,1482,2,650,1,1920,1988,832,7,0,143000
6,932,1,932,1,1950,1950,932,4,1,124000
5,1466,2,1466,1,1959,1959,1466,6,2,149900
6,1811,2,1073,1,1956,2004,1811,6,1,230000
6,816,1,816,1,1930,2007,816,5,0,120500
7,1820,2,864,1,1965,1988,902,8,2,201800
5,1437,2,1437,2,1976,2004,1437,6,1,218000
5,1265,2,1219,2,1965,1999,1265,6,1,179900
7,1314,2,1314,2,2007,2008,1314,6,1,230000
8,1580,3,1580,2,2007,2008,1580,7,0,235128
6,1876,2,901,2,1974,1974,943,8,1,185000
6,1456,2,855,2,1978,1978,855,7,1,146000
6,1640,2,1296,1,1954,2006,1640,7,1,224000
5,894,2,894,1,1968,1968,894,5,1,129000
4,1258,2,1198,0,1969,1969,1258,6,0,108959
5,1432,2,1360,1,1978,1978,1432,5,1,194000
7,1502,2,1502,2,2009,2009,1502,7,0,233170
8,1694,3,1694,2,2008,2008,1694,7,0,245350
6,1671,2,959,2,2000,2000,959,7,1,173000
6,2108,2,1127,2,1935,1986,1236,7,2,235000
10,3627,3,1930,3,1995,1996,1831,10,1,625000
6,1118,1,1096,1,1977,1977,1118,6,1,171000
6,1261,2,1261,1,1958,1958,1261,6,1,163000
7,1250,2,625,2,2006,2007,625,5,0,171900
5,3086,0,1598,3,1946,1994,1636,12,1,200500
6,2345,2,952,2,1932,1950,1170,9,1,239000
8,2872,2,1683,2,1992,2000,2129,9,1,285000
5,923,1,876,1,1984,1985,923,5,0,119500
6,1224,1,818,1,1926,2004,818,5,0,115000
5,1343,1,731,1,1921,1950,820,7,1,154900
5,1124,0,0,1,1954,1954,1124,5,1,93000
7,2514,2,1216,2,1990,1991,1298,8,0,250000
8,1652,2,1600,2,2008,2008,1652,5,1,392500
10,4476,3,2396,3,1996,1996,2411,10,2,745000
5,1130,2,1120,1,1920,1950,1130,5,1,120000
5,1572,3,1572,1,1963,1963,1572,5,2,186700
5,1221,1,784,1,1924,1950,949,7,0,104900
3,1699,2,978,2,1900,1970,1014,7,0,95000
8,1624,3,1624,2,1994,1995,1624,5,1,262000
7,1660,2,831,2,2002,2002,831,7,0,195000
7,1804,2,994,2,1999,1999,1028,7,1,189000
4,1622,4,1249,1,1961,1975,1622,7,1,168000
8,1441,2,776,2,1999,2000,764,5,0,174000
5,1472,1,702,1,1925,1994,842,6,0,125000
6,1224,2,1224,2,1999,1999,1224,5,0,165000
6,1352,1,663,1,1969,1969,663,7,0,158000
6,1456,2,728,2,2005,2005,728,8,0,176000
7,1863,3,879,2,2006,2006,879,9,1,219210
7,1690,1,815,1,1916,1950,815,7,1,144000
7,1212,2,1212,2,2001,2001,1212,6,0,178000
4,1382,2,1051,1,1963,1979,1382,6,1,148000
4,864,1,864,1,1970,1970,864,5,0,116050
7,1779,2,866,2,1998,1998,866,6,0,197900
5,1348,1,884,1,1925,1997,884,5,1,117000
7,1630,2,1630,2,2000,2001,1630,6,1,213000
5,1074,2,1056,1,1975,1975,1074,6,0,153500
7,2196,3,2158,2,1990,1991,2196,7,1,271900
4,1056,1,1056,1,1966,1966,1056,5,0,107000
6,1700,2,1682,2,2003,2003,1700,7,0,200000
5,1283,2,931,1,1962,1980,1283,6,0,140000
8,1660,2,1660,2,2006,2006,1660,8,1,290000
6,1845,2,1055,2,1992,1992,1055,8,1,189000
8,1752,2,559,2,1988,2005,1080,8,0,164000
4,672,1,672,1,1941,1950,672,4,0,113000
4,960,1,648,0,1965,2001,960,3,0,145000
5,999,1,925,1,1962,1962,999,6,0,134500
5,894,1,894,1,1966,1966,894,5,0,125000
6,1902,2,0,2,1978,1978,1318,8,0,112000
8,1314,2,1300,2,2009,2009,1314,6,0,229456
4,912,0,0,1,1947,1950,672,3,0,80500
6,1218,0,672,1,1971,1971,672,7,0,91500
5,912,1,912,1,1964,1964,912,5,0,115000
5,1211,1,952,1,1968,1968,1211,5,1,134000
6,1846,1,1040,2,1949,1950,1168,7,1,143000
5,2136,2,2136,2,1951,1951,2136,7,0,137900
7,1490,2,788,2,2004,2005,788,8,1,184000
6,1138,1,588,1,1958,1958,1138,6,0,145000
6,1933,3,894,2,2007,2007,894,9,1,214000
5,912,2,912,1,1965,2008,912,5,0,147000
9,1702,3,1702,1,2008,2008,1702,7,1,367294
5,1507,1,1075,2,1960,1960,1507,7,0,127000
5,2620,2,1361,2,1977,1977,1361,12,1,190000
5,1190,2,1106,1,1962,1962,1190,6,0,132500
4,1224,2,0,2,1962,1962,1224,6,0,101800
5,1188,2,1188,1,1959,1959,1188,6,0,142000
5,1964,0,940,1,1911,1950,1024,7,0,130000
5,1784,1,747,1,1914,1950,892,9,0,138887
7,1626,2,764,2,2003,2003,764,6,0,175500
7,1948,2,847,2,2004,2005,847,8,1,195000
6,1141,2,1141,1,2005,2005,1141,6,0,142500
8,1484,2,1476,2,2006,2006,1484,6,1,265900
7,1768,2,884,2,2003,2003,884,8,0,224900
7,1689,3,1689,2,2007,2007,1689,7,0,248328
7,1173,2,1053,2,1974,1974,1173,6,2,170000
10,2076,3,2076,2,2006,2006,2076,7,1,465000
8,1517,2,792,1,1929,1950,792,7,2,230000
6,1868,2,585,3,1984,2003,1140,7,1,178000
7,1553,2,756,2,2005,2006,756,6,0,186500
6,1034,3,1012,1,1976,1976,1034,6,0,169900
6,2058,2,735,1,1917,1950,1134,8,1,129500
5,988,1,876,1,1950,1950,988,6,0,119000
7,2110,2,2110,2,1968,1968,2110,8,2,244000
7,1405,2,1405,2,2003,2003,1405,6,1,171750
5,874,1,864,1,1968,1968,874,5,0,130000
7,2167,2,1192,2,1974,2003,1516,9,2,294000
7,1656,2,746,2,2003,2004,760,7,1,165400
6,1367,1,884,1,1931,1950,959,6,1,127500
8,1987,2,1986,2,1994,1994,1987,7,1,301500
5,864,0,864,1,1922,1950,864,4,0,99900
7,1166,2,856,2,2005,2005,1166,5,0,190000
6,1054,2,1054,1,1969,1969,1054,6,0,151000
6,1675,2,841,2,1999,1999,892,7,1,181000
5,1050,1,1050,1,1956,1956,1050,5,0,128900
4,1788,1,1104,1,1957,1989,1104,8,2,161500
6,1824,2,764,1,1919,1950,1060,8,1,180500
6,1337,2,1405,2,1998,1999,1337,5,0,181000
7,1452,2,691,2,1999,1999,713,6,0,183900
7,1889,1,925,1,1910,1950,964,9,1,122000
9,2018,3,2002,2,2008,2009,2018,10,1,378500
8,3447,3,728,3,1935,1997,1968,11,2,381000
5,1524,1,874,1,1958,1958,874,7,0,144000
7,1524,2,1332,0,1979,1979,1332,4,1,260000
6,1489,2,1489,2,1968,1968,1489,7,1,185750
5,935,1,935,1,1965,1965,935,5,0,137000
6,1357,1,1019,1,1959,2006,1357,5,1,177000
5,1250,2,661,2,1910,2003,661,8,1,139000
5,1920,2,928,2,1948,1950,928,10,0,137000
6,1395,2,723,1,1972,1972,735,6,1,162000
6,1724,2,1680,1,1967,1976,1724,7,1,197900
8,2031,2,1128,2,2002,2002,1128,7,1,237000
4,1128,2,698,1,1920,1950,698,6,0,68400
7,1573,2,1573,2,2002,2002,1573,6,0,227000
7,1339,2,1309,2,1990,1990,1339,6,1,180000
5,1040,2,1040,2,1977,2008,1040,5,0,150500
6,1824,0,912,2,1971,1971,912,8,0,139000
6,2447,1,804,2,1919,1990,1699,10,1,169000
6,1412,1,780,1,1939,1950,825,6,1,132500
6,1328,2,1328,1,1963,1963,1328,6,2,143000
5,1582,2,1624,2,1964,1964,1582,7,0,190000
8,1659,2,1501,2,2000,2000,1659,5,1,278000
8,1970,3,1085,2,2006,2006,1120,8,1,281000
5,1152,2,1152,1,1964,1964,1152,6,1,180500
5,1302,1,630,2,1972,1972,630,6,0,119500
5,2372,1,994,2,1892,1965,1378,11,0,107500
7,1664,2,832,2,1976,1976,832,8,1,162900
5,864,2,864,1,1955,1990,864,5,0,115000
5,1052,1,1052,1,1968,1968,1052,5,0,138500
5,1128,2,1120,2,1963,1963,1128,6,0,155000
6,1072,2,547,2,2005,2006,1072,5,0,140000
10,5642,2,6110,2,2008,2008,4692,12,3,160000
5,1246,1,1246,1,1959,1994,1246,6,0,154000
7,1983,2,978,2,1999,1999,1005,9,1,225000
6,1494,1,771,1,1942,1950,753,7,2,177500
8,2526,3,1165,2,1994,1994,1203,8,1,290000
7,1616,3,1616,2,2005,2005,1616,7,0,232000
7,1708,2,976,2,2004,2004,976,7,0,130000
9,1652,2,1652,2,2006,2007,1652,6,2,325000
7,1368,2,1368,2,2005,2006,1368,6,1,202500
5,990,2,990,1,1994,1995,990,5,0,138000
5,1122,2,924,1,1948,2005,1122,6,0,147000
6,1294,2,1278,2,1991,1991,1294,6,0,179200
7,1902,2,1902,2,1959,2002,1902,7,2,335000
7,1274,2,1274,2,2005,2007,1274,6,0,203000
8,2810,2,1453,2,1990,1990,1453,9,1,302000
9,2599,3,1393,2,1999,1999,1422,10,1,333168
4,948,1,948,1,1954,1954,948,5,1,119000
6,2112,2,952,2,1969,1969,1092,9,2,206900
8,1630,3,1622,2,2008,2008,1630,8,1,295493
7,1352,2,1352,2,2006,2007,1352,5,1,208900
8,1787,3,1753,2,2001,2002,1787,7,1,275000
4,948,1,864,1,1954,1954,948,5,0,111000
6,1478,2,1478,1,1957,1957,1478,6,2,156500
3,720,1,0,1,1949,1950,720,4,0,72500
7,1923,2,750,2,1992,1992,1061,8,1,190000
4,708,0,420,1,1940,1950,708,5,0,82500
8,1795,3,1795,2,2006,2007,1795,7,1,147000
4,796,0,796,1,1922,1950,796,5,0,55000
3,774,0,544,1,1931,2006,774,6,0,79000
5,816,1,816,1,1982,2008,816,5,1,130500
6,2792,2,1510,2,1920,1950,1584,8,2,256000
7,1632,2,935,2,1998,1998,955,8,1,176500
8,1588,3,1588,2,2006,2006,1588,7,1,227000
5,954,2,911,1,1976,1976,954,6,0,132500
4,816,1,816,1,1938,1958,816,3,1,100000
5,1360,1,803,1,1938,1995,803,6,0,125500
5,1365,2,765,1,1970,1970,765,7,0,125000
6,1334,2,1350,2,1977,1977,1334,6,1,167900
5,1656,2,1656,2,1973,1973,1656,8,0,135000
4,693,0,693,1,1941,1950,693,4,0,52500
7,1861,2,916,2,2002,2002,920,8,0,200000
5,864,1,864,1,1972,1972,864,5,0,128500
4,872,4,858,1,1971,1971,872,5,0,123000
6,1114,2,1114,1,2003,2004,1114,6,0,155000
8,2169,2,1284,2,2002,2002,1284,7,1,228500
6,1913,2,896,1,1928,1950,1172,9,1,177000
7,1456,2,728,2,2006,2006,728,8,1,155835
4,960,1,960,1,1920,1950,960,5,0,108500
7,2156,2,1568,2,1968,2003,2156,9,1,262500
8,1776,3,1732,2,2006,2007,1776,7,1,283463
7,1494,2,1482,2,1998,1998,1494,5,1,215000
8,2358,0,684,2,1872,1987,938,8,0,122000
5,2634,4,1248,2,1969,1969,1338,12,0,200000
6,1716,2,858,1,1962,1962,858,8,1,171000
6,1176,2,698,1,1937,2000,786,4,0,134900
8,3238,3,2033,2,1995,1996,2053,9,1,410000
7,1865,3,992,2,2000,2000,992,7,1,235000
7,1920,2,570,3,1968,1992,1222,8,1,170000
5,892,1,864,1,1966,1966,892,5,0,110000
5,1078,2,1078,1,1971,2008,1078,6,1,149900
6,1573,2,756,2,2000,2000,769,5,0,177500
9,1980,3,1980,2,2004,2005,1980,8,1,315000
5,2601,2,612,3,1921,1998,990,8,0,189000
7,1530,2,1530,2,2005,2005,1530,7,1,260000
4,1738,1,715,2,1920,2007,1281,7,1,104900
6,1412,2,616,2,2006,2007,616,6,1,156932
7,1200,2,600,2,2005,2005,520,4,0,144152
7,1674,2,814,2,2000,2000,814,7,0,216000
7,1790,2,873,2,1999,1999,882,7,0,193000
5,1475,1,757,2,1977,1977,925,6,1,127000
6,848,2,848,1,2003,2004,848,4,0,144000
8,1668,2,1657,2,2003,2003,1668,8,1,232000
4,1374,1,840,1,1920,1950,840,6,0,105000
6,1661,1,992,1,1955,1996,1661,8,1,165500
7,2097,2,1108,2,1998,1998,1108,8,1,274300
10,2633,3,2633,2,2001,2002,2633,8,2,466500
7,1958,3,1026,2,2005,2005,1026,9,1,250000
8,1571,3,1571,2,2007,2007,1571,7,1,239000
6,790,1,768,1,1930,1950,790,4,0,91000
5,1604,2,984,2,1941,1960,984,6,0,117000
6,987,1,483,1,1973,1973,483,5,0,83000
5,1394,2,384,2,2006,2007,754,7,0,167500
3,864,1,864,1,1914,1950,864,5,0,58500
6,2117,2,1205,2,1970,1970,2117,7,2,237500
7,1762,2,596,1,1920,1950,998,8,0,157000
5,1416,2,816,2,1918,2007,1416,7,0,112000
6,1258,1,560,1,1939,1950,698,6,0,105000
4,1154,1,796,1,1922,2007,796,7,0,125500
7,2784,2,1392,3,1978,1978,1392,12,2,250000
6,2526,1,714,2,1916,1950,1664,10,1,136000
9,1746,3,1746,2,2006,2007,1746,7,2,377500
6,1218,2,735,1,1941,1950,869,6,1,131000
7,1525,2,1525,2,2000,2000,1525,6,0,235000
5,1584,3,1584,2,1967,1967,1584,8,0,124000
5,900,1,864,1,1967,1967,900,6,1,123000
6,1912,2,482,2,1905,2000,1221,7,1,163000
7,1500,3,1356,2,2006,2006,1500,6,1,246578
8,2482,3,1094,2,2005,2006,1133,9,1,281213
5,1687,2,747,1,1948,1950,1687,7,2,160000
5,1513,1,939,1,1920,2004,939,8,0,137500
5,1904,1,1208,1,1950,1982,1136,7,0,138000
6,1608,1,976,2,1925,1990,1160,7,1,137450
6,1158,1,862,1,1929,1950,950,5,1,120000
6,1593,2,839,2,2004,2004,864,8,1,193000
7,1294,2,1286,2,2006,2006,1294,6,1,193879
8,1464,3,1485,2,2007,2007,1464,6,0,282922
3,1214,3,672,1,1915,1950,694,6,0,105000
8,1646,2,1594,2,2004,2005,1646,5,1,275000
5,768,2,768,1,1972,2007,768,5,0,133000
5,833,0,833,1,1985,1985,833,5,0,112000
4,1363,2,622,1,1910,1950,741,6,0,125500
7,2093,2,791,2,1986,1991,1236,7,1,215000
7,1840,2,944,2,2001,2001,944,6,0,230000
6,1668,1,856,1,1950,2005,1112,6,0,140000
4,1040,2,0,2,1949,1950,1040,6,0,90000
8,1844,2,1844,2,2005,2006,1844,7,1,257000
6,1848,2,833,1,1923,2000,1053,8,1,207000
7,1569,3,1386,2,2007,2007,1569,7,1,175900
4,2290,2,777,2,1885,1950,1246,11,0,122500
8,2450,3,1284,2,1998,1998,1310,7,1,340000
5,1144,1,1144,1,1963,1963,1144,6,0,124000
6,1844,2,1844,2,1969,1969,1844,7,1,223000
6,1416,2,708,2,1968,1968,708,7,1,179900
6,1069,2,1069,2,1977,1977,1069,4,1,127500
6,848,2,848,1,2003,2003,848,3,0,136500
6,2201,2,697,2,1966,1966,1575,8,1,274970
5,1344,1,1024,1,1958,1983,1344,6,1,144000
6,1252,2,1252,1,1959,1959,1252,7,0,142000
7,2127,2,1223,2,1994,1994,1223,5,2,271000
5,1558,1,913,1,1945,1950,1048,6,1,140000
5,804,1,788,1,1940,1992,804,4,2,119000
6,1440,2,1440,2,1981,1981,1440,7,1,182900
5,1838,2,732,2,2005,2005,734,7,1,192140
6,958,2,958,2,1976,1976,958,5,0,143750
4,968,1,656,2,1927,2007,968,5,0,64500
6,1792,2,936,2,2000,2000,962,8,1,186500
5,1126,2,1126,2,1977,1977,1126,5,1,160000
6,1537,2,1319,1,1962,2005,1537,7,1,174000
4,864,2,864,1,1971,1971,864,5,0,120500
8,1932,3,1932,2,2008,2008,1932,7,1,394617
6,1236,2,912,1,1957,1996,1236,6,0,149700
7,1725,2,539,2,1979,1979,1040,6,1,197000
6,2555,2,588,2,1922,1994,1423,11,1,191000
6,848,2,848,1,2004,2004,848,3,1,149300
10,2007,3,1017,2,2008,2008,1026,10,1,310000
6,952,1,952,1,1916,1950,952,4,1,121000
7,1422,2,1422,2,2004,2004,1422,7,0,179600
6,913,1,814,1,1966,1966,913,6,0,129000
5,1188,1,1188,1,1962,1962,1188,6,0,157900
8,2090,2,1220,2,1995,1996,1220,8,1,240000
4,1346,1,560,1,1910,2000,796,6,0,112000
5,630,0,630,1,1970,1970,630,3,0,92000
5,1792,0,896,2,1974,1974,896,8,0,136000
8,1578,3,1573,2,2008,2009,1578,7,1,287090
5,1072,2,547,1,2005,2005,1072,5,0,145000
5,1140,0,1140,1,2006,2006,1140,6,0,84500
7,1221,2,1221,2,2004,2005,1221,6,0,185000
6,1647,2,953,2,1999,2000,953,7,1,175000
6,2073,2,1542,2,1978,1988,2073,7,2,210000
7,2340,1,1152,2,1941,2006,1188,9,2,266500
5,1078,1,1078,1,1950,1996,1078,5,0,142125
5,1256,1,1256,1,1965,1965,1256,6,0,147500
